Street_Name,Total_Crashes,Fatal_Crashes,Serious_Injuries,Dominant_Jurisdiction,Mixed_Jurisdiction,SPDLIMIT,LANES
POPLAR AVE,48,9,5,City of Memphis,True,40.0,7
UNION AVE,39,9,11,TDOT,True,35.0,6
LAMAR AVE,33,7,9,TDOT,False,40.0,7
WINCHESTER RD,29,5,6,City of Memphis,False,45.0,7
PARK AVE,25,4,7,City of Memphis,True,40.0,4
E SHELBY DR,21,3,4,TDOT,True,45.0,7
JACKSON AVE,20,2,3,TDOT,True,40.0,4
S THIRD ST,18,7,3,TDOT,True,45.0,7
SUMMER AVE,18,4,5,TDOT,True,40.0,7
E RAINES RD,18,3,3,City of Memphis,True,40.0,5
AIRWAYS BLVD,17,3,4,TDOT,True,40.0,7
ELVIS PRESLEY BLVD,17,2,3,TDOT,True,40.0,5
GETWELL RD,16,2,6,City of Memphis,True,40.0,7
KNIGHT ARNOLD RD,16,2,4,City of Memphis,False,40.0,4
MILLBRANCH RD,15,0,5,City of Memphis,False,40.0,4
N WATKINS ST,14,1,1,City of Memphis,False,40.0,5
MADISON AVE,13,3,1,City of Memphis,True,35.0,3
CHELSEA AVE,13,2,3,City of Memphis,True,40.0,4
E BROOKS RD,12,3,4,City of Memphis,True,45.0,5
S PERKINS RD,11,2,2,City of Memphis,False,40.0,7
S PARKWAY E,11,2,4,City of Memphis,True,35.0,5
SYCAMORE VIEW RD,10,2,3,City of Memphis,False,45.0,7
FRAYSER BLVD,10,1,3,City of Memphis,False,40.0,4
N HOLLYWOOD ST,9,4,0,City of Memphis,True,40.0,2
RALEIGH LAGRANGE RD,8,3,2,City of Memphis,False,45.0,2
AMERICAN WAY,8,2,2,City of Memphis,True,45.0,5
INTERSTATE 240 W,8,2,2,City of Memphis,True,65.0,3
QUINCE RD,8,1,3,City of Memphis,False,40.0,4
WHITNEY AVE,8,1,2,City of Memphis,True,40.0,2
KERR AVE,8,0,1,TDOT,True,35.0,3
THOMAS ST,8,0,1,TDOT,True,40.0,2
RALEIGH MILLINGTON RD,7,3,2,City of Memphis,False,40.0,4
E MCLEMORE AVE,7,2,2,City of Memphis,False,35.0,2
PRESCOTT RD,7,2,2,City of Memphis,False,40.0,4
MACON RD,7,1,3,City of Memphis,False,40.0,4
RIVERDALE RD,7,1,3,City of Memphis,True,45.0,6
E HOLMES RD,7,1,2,City of Memphis,True,40.0,2
SOUTHERN AVE,7,0,0,City of Memphis,False,35.0,2
ADAMS AVE,7,0,4,City of Memphis,True,30.0,2
S MENDENHALL RD,7,0,2,City of Memphis,False,40.0,7
E MALLORY AVE,6,2,0,City of Memphis,False,35.0,2
S HIGHLAND ST,6,2,0,City of Memphis,False,35.0,5
JEFFERSON AVE,6,1,0,City of Memphis,True,40.0,4
N DUNLAP ST,6,1,0,City of Memphis,True,30.0,2
S BELLEVUE BLVD,6,0,1,TDOT,True,35.0,4
MOUNT MORIAH ROAD EXT,6,0,1,City of Memphis,False,40.0,5
INTERSTATE 40 W,5,2,1,City of Memphis,False,65.0,4
INTERSTATE 240 E,5,2,1,City of Memphis,True,65.0,3
ALLEY,5,2,0,City of Memphis,False,25.0,1
NATIONAL ST,5,1,3,City of Memphis,False,40.0,4
DR MARTIN LUTHER KING JR AVE,5,1,0,TDOT,False,35.0,2
WALNUT GROVE RD,5,1,2,TDOT,True,35.0,5
NEW COVINGTON PIKE,5,0,1,City of Memphis,False,45.0,5
BEALE ST,5,0,1,TDOT,True,30.0,2
NORRIS RD,5,0,2,TDOT,True,40.0,4
DELLWOOD AVE,5,0,2,City of Memphis,False,35.0,2
PENDLETON ST,5,0,1,City of Memphis,True,40.0,4
N SECOND ST,5,0,1,TDOT,True,35.0,3
COVINGTON PIKE,5,0,1,City of Memphis,True,40.0,5
EGYPT CENTRAL RD,4,2,0,City of Memphis,False,45.0,2
YALE RD,4,1,1,City of Memphis,True,40.0,5
N B B KING BLVD,4,1,0,TDOT,False,35.0,3
S MCLEAN BLVD,4,1,2,TDOT,True,35.0,4
CARNES AVE,4,0,2,City of Memphis,True,30.0,2
E ALCY RD,4,0,0,City of Memphis,True,35.0,2
PEABODY PL,4,0,1,TDOT,True,30.0,4
S PAULINE ST,4,0,1,TDOT,True,30.0,4
E PARKWAY N,4,0,1,TDOT,False,40.0,3
WESLEY DR,4,0,1,City of Memphis,False,30.0,2
SEMMES ST,4,0,0,TDOT,True,30.0,5
RIDGEWAY RD,4,0,0,City of Memphis,False,40.0,5
PRIVATE DR,4,0,0,City of Memphis,False,30.0,2
W RAINES RD,4,0,0,City of Memphis,True,40.0,5
TILLMAN ST,4,0,1,TDOT,True,35.0,4
EASTMORELAND AVE,4,0,3,City of Memphis,True,30.0,2
SAM COOPER BLVD,3,2,1,City of Memphis,True,40.0,6
INTERSTATE 40 E,3,2,0,City of Memphis,False,65.0,4
S WHITE STATION RD,3,2,0,City of Memphis,True,40.0,4
N WHITE STATION RD,3,1,1,TDOT,True,40.0,5
BARRON AVE,3,1,0,City of Memphis,False,30.0,2
CENTRAL AVE,3,1,1,City of Memphis,False,40.0,4
N GERMANTOWN PKWY,3,1,0,TDOT,False,45.0,7
YOUNG AVE,3,1,1,City of Memphis,False,35.0,2
LATHAM ST,3,1,0,City of Memphis,False,30.0,2
OVERTON CROSSING ST,3,1,0,City of Memphis,False,40.0,5
OLD GETWELL RD,3,1,0,City of Memphis,False,30.0,2
DEMOCRAT RD,3,1,0,City of Memphis,False,45.0,5
FRAYSER RALEIGH RD,3,1,0,City of Memphis,False,45.0,5
FORD RD,3,0,0,City of Memphis,True,35.0,2
E E H CRUMP BLVD,3,0,2,TDOT,True,40.0,6
N MANASSAS ST,3,0,0,City of Memphis,False,30.0,4
S MAIN ST,3,0,1,City of Memphis,False,30.0,1
MARSH AVE,3,0,0,TDOT,False,30.0,2
PATTERSON ST,3,0,0,City of Memphis,False,30.0,2
KIRBY PKWY,3,0,1,City of Memphis,False,45.0,6
CHIMNEYROCK BLVD,3,0,0,City of Memphis,False,30.0,2
AUSTIN PEAY HWY,3,0,0,TDOT,False,45.0,7
E PERSON AVE,3,0,0,City of Memphis,False,35.0,4
N AVALON ST,3,0,1,City of Memphis,False,35.0,2
WILLOW RD,3,0,1,City of Memphis,False,35.0,2
VANCE AVE,3,0,0,TDOT,False,30.0,2
VOLLINTINE AVE,3,0,0,City of Memphis,False,35.0,4
JIM MCGEHEE PKWY,3,0,2,City of Memphis,False,30.0,2
E ROLLINS RD,3,0,2,City of Memphis,False,30.0,2
N HIGHLAND ST,3,0,2,TDOT,True,40.0,5
AUBURN RD,3,0,1,City of Memphis,False,35.0,2
JAMES RD,3,0,2,City of Memphis,False,45.0,4
ROYAL OAKS CV,3,0,1,City of Memphis,False,35.0,2
SHELBY OAKS DR,3,0,2,City of Memphis,False,40.0,4
KNIGHT RD,3,0,1,City of Memphis,False,35.0,2
DEXTER RD,3,0,1,City of Memphis,True,35.0,4
STAGE RD,3,0,0,TDOT,False,45.0,6
HESTER RD,3,0,0,City of Memphis,True,35.0,2
DUNN AVE,3,0,0,City of Memphis,False,30.0,2
DECATUR ST,2,1,0,City of Memphis,False,30.0,2
MARLIN RD,2,1,1,City of Memphis,False,35.0,2
W SHELBY DR,2,1,1,City of Memphis,False,35.0,2
N HOLMES ST,2,1,1,City of Memphis,False,35.0,2
ELDRIDGE AVE,2,1,0,City of Memphis,False,30.0,2
W LEVI RD,2,1,1,City of Memphis,False,35.0,2
N BELLEVUE BLVD,2,1,0,City of Memphis,True,35.0,2
NEW TCHULAHOMA RD,2,1,0,City of Memphis,False,45.0,4
S SHADY GROVE RD,2,1,0,TDOT,True,35.0,5
HUDSON ST,2,1,0,City of Memphis,False,30.0,2
TENNYSON RD,2,0,0,City of Memphis,False,30.0,2
BREEDLOVE ST,2,0,1,City of Memphis,False,35.0,2
WASHINGTON AVE,2,0,1,City of Memphis,True,30.0,2
LESTER ST,2,0,1,City of Memphis,True,30.0,2
STATE ROUTE 385 E,2,0,2,TDOT,False,65.0,3
BROWN AVE,2,0,0,City of Memphis,False,30.0,2
WELLONS AVE,2,0,1,City of Memphis,False,30.0,2
HAYNES ST,2,0,0,City of Memphis,False,30.0,2
COLEMAN RD,2,0,0,TDOT,True,45.0,7
N HOUSTON LEVEE RD,2,0,0,City of Memphis,False,40.0,3
BOWEN AVE,2,0,0,City of Memphis,False,30.0,2
S GOODLETT ST,2,0,0,TDOT,True,40.0,4
TUTWILER AVE,2,0,0,City of Memphis,False,35.0,2
WALKER AVE,2,0,0,City of Memphis,False,35.0,2
N TREZEVANT ST,2,0,1,City of Memphis,False,30.0,2
N CLEVELAND ST,2,0,0,City of Memphis,False,35.0,4
PERKINS ROAD EXT,2,0,0,City of Memphis,False,35.0,5
GAYOSO AVE,2,0,1,TDOT,True,30.0,1
GRUBER DR,2,0,0,City of Memphis,False,30.0,2
GRACELAND DR,2,0,0,City of Memphis,False,30.0,2
KIMBALL AVE,2,0,1,City of Memphis,False,40.0,2
FARMVILLE AVE,2,0,1,City of Memphis,False,30.0,2
US HIGHWAY 64,2,0,1,TDOT,False,45.0,5
DEADRICK AVE,2,0,2,City of Memphis,False,35.0,2
MADEWELL DR,2,0,1,City of Memphis,False,30.0,2
S LAUDERDALE ST,2,0,1,City of Memphis,True,30.0,2
S DANNY THOMAS BLVD,2,0,0,TDOT,False,35.0,4
MOUNT MORIAH RD,2,0,1,City of Memphis,False,40.0,7
FINLEY RD,2,0,0,City of Memphis,False,35.0,2
NEW ALLEN RD,2,0,2,City of Memphis,False,50.0,2
OUTLAND RD,2,0,1,City of Memphis,False,40.0,5
CLARKE RD,2,0,1,City of Memphis,False,35.0,2
PERSHING AVE,2,0,1,City of Memphis,False,30.0,2
RANGE LINE RD,2,0,1,City of Memphis,False,40.0,4
HICKORY HILL RD,2,0,1,City of Memphis,False,45.0,6
TRINITY RD,2,0,0,City of Memphis,False,40.0,3
CELLA ST,2,0,0,City of Memphis,False,30.0,2
E TRIGG AVE,2,0,2,TDOT,False,35.0,2
AUSTIN PEAY HWY TO JAMES RD,2,0,1,TDOT,False,45.0,1
ELLISTON RD,2,0,2,City of Memphis,False,35.0,2
GREENLAW AVE,2,0,0,City of Memphis,False,30.0,2
GREY RD,2,0,0,City of Memphis,False,30.0,2
BALTIC ST,2,0,0,City of Memphis,True,30.0,2
HOMER ST,2,0,0,City of Memphis,False,30.0,2
OAKWOOD ST,2,0,2,City of Memphis,False,30.0,2
MYNDERS AVE,2,0,0,City of Memphis,False,30.0,2
LOONEY AVE,2,0,0,City of Memphis,False,30.0,2
S FRONT ST,2,0,0,City of Memphis,False,30.0,4
RHODES AVE,2,0,0,City of Memphis,False,35.0,4
WARING RD,2,0,0,City of Memphis,False,35.0,2
MIDLAND AVE,2,0,0,City of Memphis,False,35.0,2
SHADY GROVE RD,2,0,0,City of Memphis,False,30.0,2
S GERMANTOWN RD,2,0,0,City of Memphis,False,35.0,2
N FRONT ST,2,0,0,City of Memphis,False,30.0,5
MONROE AVE,2,0,0,City of Memphis,False,30.0,2
N MAIN ST,2,0,0,City of Memphis,False,35.0,1
STAGE JAMES RD,2,0,0,City of Memphis,False,45.0,7
STATE ROUTE 385 W,2,0,1,TDOT,False,65.0,3
WINDERMERE DR,2,0,0,City of Memphis,False,30.0,2
ETHEL ST,2,0,0,City of Memphis,False,30.0,2
ROZELLE ST,1,1,0,City of Memphis,False,30.0,2
BOSTON ST,1,1,0,City of Memphis,False,35.0,2
SUMMER HILLS CIR,1,1,0,City of Memphis,False,25.0,2
RIDGEMONT RD,1,1,0,City of Memphis,False,30.0,4
INTERSTATE 55 N,1,1,0,City of Memphis,False,65.0,5
WEAVER RD,1,1,0,City of Memphis,False,40.0,5
TAHOE RD,1,1,0,City of Memphis,False,30.0,2
E DEMPSTER AVE,1,1,0,TDOT,False,30.0,2
N EVERGREEN ST,1,1,0,City of Memphis,False,35.0,3
S AVALON ST,1,1,0,City of Memphis,False,35.0,2
DALTON RD,1,1,0,City of Memphis,False,30.0,2
TACOMA AVE,1,1,0,City of Memphis,False,30.0,2
FAIRBROOK AVE,1,1,0,City of Memphis,False,30.0,2
DORADO AVE,1,1,0,City of Memphis,False,30.0,2
BURNHAM AVE,1,1,0,City of Memphis,False,30.0,2
COURTNEY DR,1,1,0,City of Memphis,False,30.0,2
MOUNT HOOD ST,1,1,0,City of Memphis,False,30.0,2
N MENDENHALL RD,1,1,0,City of Memphis,False,40.0,4
MILLBRANCH RD OR NONCONNAH BLVD TO 240 E,1,1,0,City of Memphis,False,45.0,2
ACCESS RD,1,1,0,City of Memphis,False,35.0,1
40 W TO DANNY THOMAS BLVD,1,1,0,TDOT,False,25.0,1
KIRBY WHITTEN RD,1,1,0,City of Memphis,False,45.0,7
A W WILLIS AVE,1,1,0,City of Memphis,False,35.0,5
DALLAS ST,1,1,0,City of Memphis,False,30.0,2
CRUMP RD,1,1,0,City of Memphis,False,30.0,2
INTERSTATE 240 S,1,1,0,City of Memphis,False,65.0,3
HUBBARD AVE,1,1,0,City of Memphis,False,30.0,2
TYROL CT,1,1,0,City of Memphis,False,30.0,2
NEW WILLOW RD,1,1,0,City of Memphis,False,35.0,2
DOVECREST RD,1,1,0,City of Memphis,False,30.0,2
COLLEGE ST,1,1,0,City of Memphis,False,30.0,2
MARYLAND AVE,1,1,0,City of Memphis,False,30.0,2
ALOHA AVE,1,1,0,City of Memphis,False,30.0,2
COTTONWOOD RD,1,1,0,City of Memphis,False,35.0,2
OVERLEA CV,1,0,0,City of Memphis,False,25.0,2
MYERS RD,1,0,0,City of Memphis,False,30.0,2
COMPRESS DR,1,0,1,City of Memphis,False,30.0,2
SAINT AGNES DR,1,0,1,TDOT,False,30.0,2
PLATO AVE,1,0,0,City of Memphis,False,30.0,2
ROCHESTER RD,1,0,0,City of Memphis,False,30.0,2
FARM RD,1,0,0,City of Memphis,False,30.0,2
DURANT ST,1,0,0,City of Memphis,False,30.0,2
MILLINGTON ST,1,0,0,City of Memphis,False,40.0,2
ENGLEWOOD ST,1,0,0,City of Memphis,False,25.0,2
LONGACRE AVE,1,0,0,City of Memphis,False,30.0,2
S LEXINGTON CIR,1,0,0,City of Memphis,False,30.0,2
HARBERT AVE,1,0,0,City of Memphis,False,35.0,2
FARRIS CIR,1,0,0,City of Memphis,False,30.0,2
GILL DR,1,0,0,City of Memphis,False,30.0,2
S COX ST,1,0,0,City of Memphis,False,30.0,2
TULANE RD,1,0,1,TDOT,False,35.0,2
CEDRICK AVE,1,0,0,City of Memphis,False,30.0,2
S B B KING BLVD,1,0,0,TDOT,False,35.0,5
SILVERAGE AVE,1,0,0,City of Memphis,False,30.0,2
PENNEL RD,1,0,0,City of Memphis,False,30.0,2
FREEMAN ST,1,0,0,City of Memphis,False,30.0,2
HUNTER AVE,1,0,0,City of Memphis,False,30.0,2
BARTLETT RD,1,0,0,City of Memphis,False,40.0,2
EASTMAN RD,1,0,0,City of Memphis,False,30.0,2
OLD RALEIGH MILLINGTON RD,1,0,0,City of Memphis,False,45.0,2
CARRIER ST,1,0,0,City of Memphis,False,30.0,2
JUDY LYNN AVE,1,0,0,City of Memphis,False,35.0,2
HAMILTON ST,1,0,1,City of Memphis,False,30.0,2
EYERS RD,1,0,1,City of Memphis,False,30.0,2
DUDLEY ST,1,0,0,City of Memphis,False,30.0,2
FLYNN RD,1,0,0,City of Memphis,False,30.0,2
RALEIGH SPRINGS MALL,1,0,0,City of Memphis,False,,2
WARNER DR,1,0,0,City of Memphis,False,30.0,2
VOLTAIRE AVE,1,0,0,City of Memphis,False,30.0,2
ARLINGTON AVE,1,0,0,City of Memphis,False,30.0,2
TCHULAHOMA RD,1,0,0,City of Memphis,False,35.0,2
MEIER DR,1,0,0,City of Memphis,False,30.0,2
MADISON AVE TO S DANNY THOMAS BLVD,1,0,0,TDOT,False,30.0,2
HART CV,1,0,0,City of Memphis,False,25.0,2
SUNNYSIDE ST,1,0,0,City of Memphis,False,30.0,2
LEHR DR,1,0,0,City of Memphis,False,35.0,2
SUNSET ST,1,0,0,City of Memphis,False,30.0,2
PERES AVE,1,0,0,City of Memphis,False,30.0,2
HUMPHREYS CENTER DR,1,0,1,City of Memphis,False,30.0,2
HEARD AVE,1,0,0,City of Memphis,False,30.0,2
HARAHAN RD,1,0,0,City of Memphis,False,30.0,2
WESTERN PARK DR,1,0,0,City of Memphis,False,30.0,2
COMANCHE RD,1,0,0,TDOT,False,35.0,2
FLOYD ALY,1,0,0,City of Memphis,False,30.0,2
ETHLYN AVE,1,0,0,City of Memphis,False,30.0,2
HAWTHORNE ST,1,0,0,City of Memphis,False,30.0,2
DICKMANN AVE,1,0,0,City of Memphis,False,30.0,2
BELLBRANCH DR,1,0,0,City of Memphis,False,30.0,2
S BARKSDALE ST,1,0,0,City of Memphis,False,30.0,2
PONTOTOC AVE,1,0,0,City of Memphis,False,30.0,2
PODESTA ST,1,0,0,City of Memphis,False,30.0,2
CAMELOT LN,1,0,1,City of Memphis,False,30.0,2
WOODMONT DR,1,0,0,City of Memphis,False,30.0,2
240 E TO 385 E,1,0,0,City of Memphis,False,45.0,2
SEQUOIA AVE,1,0,0,City of Memphis,False,30.0,2
VILLA DR,1,0,0,City of Memphis,False,30.0,2
HILLVIEW AVE,1,0,0,City of Memphis,False,30.0,2
ISLAND DR,1,0,0,City of Memphis,False,30.0,2
HADDINGTON DR,1,0,0,City of Memphis,False,35.0,2
GABAY ST,1,0,0,City of Memphis,False,30.0,2
CHANNEL AVE,1,0,0,City of Memphis,False,40.0,2
JOEL AVE,1,0,1,City of Memphis,False,30.0,2
E FERNWOOD AVE,1,0,1,City of Memphis,False,30.0,2
NONCONNAH RD,1,0,0,City of Memphis,False,35.0,2
BERTA RD,1,0,0,City of Memphis,False,35.0,2
VILLAGE GREEN LN,1,0,0,City of Memphis,False,25.0,2
E MITCHELL RD,1,0,0,TDOT,False,45.0,7
GARLAND ST,1,0,0,City of Memphis,False,30.0,2
RALSTON AVE,1,0,0,City of Memphis,False,30.0,2
HANNA DR,1,0,0,City of Memphis,False,30.0,2
MIMOSA AVE,1,0,1,City of Memphis,False,30.0,2
TWELFTH RD,1,0,0,City of Memphis,False,30.0,2
ISHERWOOD RD,1,0,1,City of Memphis,False,30.0,2
N BELVEDERE BLVD,1,0,1,City of Memphis,False,35.0,2
WINCHESTER RD TO CARGO RD,1,0,0,City of Memphis,False,30.0,1
DARROW ST,1,0,0,City of Memphis,False,30.0,2
SAFE HARBOR DR,1,0,0,City of Memphis,False,30.0,2
PINE RIDGE LN,1,0,0,City of Memphis,False,30.0,2
PHILLIPS PL,1,0,0,City of Memphis,False,30.0,2
OLD BROMPTON CIR,1,0,0,City of Memphis,False,30.0,2
FREEMONT AVE,1,0,0,City of Memphis,False,30.0,2
SUMMITT ST,1,0,0,City of Memphis,False,30.0,2
HIGH POINT TER,1,0,0,City of Memphis,False,35.0,2
BIGELOW ST,1,0,1,City of Memphis,False,30.0,2
MENAGER RD,1,0,0,City of Memphis,False,30.0,2
E FAIRWAY AVE,1,0,1,City of Memphis,False,30.0,2
HELENE RD,1,0,0,City of Memphis,False,30.0,2
SOUTHLAND DR,1,0,0,City of Memphis,False,30.0,2
FOREST VIEW DR,1,0,0,City of Memphis,False,30.0,2
N WALNUT BEND RD,1,0,0,City of Memphis,False,30.0,2
MILLINGTON RD,1,0,1,City of Memphis,False,30.0,2
JONES RD,1,0,0,City of Memphis,False,30.0,2
MISSISSIPPI BLVD,1,0,0,City of Memphis,False,35.0,2
HENRY AVE,1,0,0,City of Memphis,False,30.0,2
SEA ISLE RD,1,0,0,City of Memphis,False,30.0,2
ROBIN HOOD LN,1,0,1,City of Memphis,False,35.0,2
MOUNT OLIVE RD,1,0,0,City of Memphis,False,25.0,2
EMILY AVE,1,0,1,City of Memphis,False,30.0,2
N GRAHAM ST,1,0,0,City of Memphis,False,40.0,5
BROWNLEE RD,1,0,0,City of Memphis,False,35.0,2
WINFIELD AVE,1,0,0,City of Memphis,False,35.0,2
COLONY PARK DR,1,0,0,City of Memphis,False,30.0,2
MILL STREAM DR,1,0,0,City of Memphis,False,30.0,2
EVELYN AVE,1,0,0,City of Memphis,False,30.0,2
OBERLE AVE,1,0,0,City of Memphis,False,30.0,2
CRUMPLER RD,1,0,1,City of Memphis,False,45.0,2
AMBERGATE LN,1,0,0,TDOT,False,30.0,2
CRESTON AVE,1,0,0,TDOT,False,30.0,2
CHANCERY ST,1,0,0,City of Memphis,False,30.0,2
BONNIE LN,1,0,1,City of Memphis,False,35.0,2
STRATFORD RD,1,0,0,City of Memphis,False,40.0,4
ALLENBROOKE CV,1,0,0,TDOT,False,25.0,2
COUNTRY HAVEN DR,1,0,0,City of Memphis,False,30.0,2
JOSEPHINE ST,1,0,1,City of Memphis,False,35.0,2
SPUTNIK DR,1,0,0,City of Memphis,False,30.0,2
DOGWOOD LN,1,0,0,City of Memphis,False,30.0,2
HASTINGS ST,1,0,0,City of Memphis,False,30.0,2
SAINT ELMO AVE,1,0,1,City of Memphis,False,35.0,2
HUGENOT ST,1,0,0,City of Memphis,False,35.0,2
MOUNTAIN TERRACE ST,1,0,0,City of Memphis,False,30.0,2
IVAN RD,1,0,0,City of Memphis,False,30.0,2
SAINT JUDE PL,1,0,0,TDOT,False,30.0,4
WILLOWVIEW AVE,1,0,0,City of Memphis,False,30.0,2
CAPE HENRY DR,1,0,1,City of Memphis,False,30.0,2
CAMBRIDGE AVE,1,0,1,City of Memphis,False,30.0,2
STAGE AVE,1,0,0,City of Memphis,False,45.0,2
S PARKWAY W,1,0,1,City of Memphis,False,40.0,5
IVY RD,1,0,0,City of Memphis,False,30.0,2
CANDLEWYCK CIR,1,0,0,City of Memphis,False,30.0,1
S WALNUT BEND RD,1,0,1,TDOT,False,30.0,2
BARTON DR,1,0,1,City of Memphis,False,30.0,2
DEERSKIN DR,1,0,0,City of Memphis,False,30.0,2
MARBLE AVE,1,0,1,TDOT,False,30.0,2
POLK AVE,1,0,0,City of Memphis,False,30.0,2
PINEY WOODS AVE,1,0,0,City of Memphis,False,30.0,2
REESE RD,1,0,0,City of Memphis,False,30.0,2
SAM COOPER BLVD W,1,0,0,City of Memphis,False,65.0,2
CHERRY RD,1,0,0,City of Memphis,False,40.0,4
ARRINGTON AVE,1,0,0,TDOT,False,30.0,2
DAVIS CIR,1,0,1,City of Memphis,False,30.0,2
DWIGHT RD,1,0,0,City of Memphis,False,35.0,2
GLORY CIR,1,0,0,City of Memphis,False,30.0,2
DAWN DR,1,0,0,City of Memphis,False,30.0,2
RALEIGH SPRINGS MALL DR,1,0,1,TDOT,False,15.0,2
LOCUST ST,1,0,0,City of Memphis,False,30.0,2
BLAKEMORE RD,1,0,1,City of Memphis,False,30.0,2
EASTBROOK LN,1,0,0,City of Memphis,False,30.0,2
BIRCHFIELD DR,1,0,0,City of Memphis,False,30.0,2
ALICE AVE,1,0,0,City of Memphis,False,35.0,2
MAVERICK AVE,1,0,0,City of Memphis,False,30.0,2
HICKORY LEAF DR,1,0,0,City of Memphis,False,30.0,2
S CLEVELAND ST,1,0,0,City of Memphis,False,35.0,5
HERNANDO RD,1,0,0,City of Memphis,False,35.0,2
WAYFARER CIR,1,0,1,City of Memphis,False,30.0,2
COMBS ST,1,0,0,City of Memphis,False,30.0,2
LARCH LN,1,0,0,City of Memphis,False,30.0,2
SHEFFIELD AVE,1,0,0,City of Memphis,False,30.0,2
E DISON AVE,1,0,0,City of Memphis,False,35.0,2
CROMWELL AVE,1,0,0,City of Memphis,False,35.0,2
SARATOGA AVE,1,0,1,City of Memphis,False,30.0,2
WORTHINGTON ST,1,0,1,City of Memphis,False,30.0,2
HOBSON RD,1,0,0,City of Memphis,False,30.0,2
ANGELUS ST,1,0,0,City of Memphis,False,30.0,2
E ALSTON AVE,1,0,0,City of Memphis,False,30.0,2
HODGE RD,1,0,1,City of Memphis,False,30.0,2
ARROWHEAD AVE,1,0,1,City of Memphis,False,30.0,2
HAVEN CT,1,0,0,City of Memphis,False,30.0,2
BEVERLY HILL ST,1,0,0,City of Memphis,False,30.0,2
HACKS CROSS RD,1,0,0,City of Memphis,False,45.0,7
SALMON DR,1,0,0,City of Memphis,False,30.0,2
FEDEX FORUM ALY,1,0,0,City of Memphis,False,30.0,2
GLEASON AVE,1,0,0,City of Memphis,False,30.0,2
BALL RD,1,0,0,City of Memphis,False,40.0,4
MARTY ST,1,0,0,City of Memphis,False,30.0,2
MEADOWS LN,1,0,0,City of Memphis,False,30.0,2
RIDGEWAY ST,1,0,0,City of Memphis,False,30.0,2
DEVONSHIRE AVE,1,0,0,City of Memphis,False,30.0,2
VERNON AVE,1,0,0,City of Memphis,False,30.0,2
VALDAZ RD,1,0,0,City of Memphis,False,30.0,2
PRINCE RUPERT LN,1,0,0,City of Memphis,False,30.0,2
MARYNELLE ST,1,0,0,City of Memphis,False,30.0,2
WATSON ST,1,0,0,City of Memphis,False,30.0,2
SHADOWLINE DR,1,0,0,City of Memphis,False,30.0,2
ANNES CIR,1,0,0,City of Memphis,False,30.0,2
HOSKINS RD,1,0,0,City of Memphis,False,30.0,2
FLETCHER PARK CIR N,1,0,0,City of Memphis,False,30.0,2
FAIRMONT AVE,1,0,0,City of Memphis,False,30.0,2
N ANGELA RD,1,0,0,City of Memphis,False,30.0,2
N SIXTH ST,1,0,0,City of Memphis,False,30.0,2
FOOTE PARK PL,1,0,0,City of Memphis,False,25.0,2
LUCY AVE,1,0,0,City of Memphis,False,30.0,2
N PARKWAY,1,0,0,TDOT,False,40.0,2
CHEVRON RD,1,0,1,TDOT,False,35.0,2
GOODLETT RD,1,0,1,City of Memphis,False,35.0,2
N PAULINE ST,1,0,0,City of Memphis,False,30.0,5
SCOTT ST,1,0,0,City of Memphis,False,35.0,2
SANGA RD,1,0,0,City of Memphis,False,35.0,2
40 S TO 240 E,1,0,0,City of Memphis,False,45.0,1
JULIAN CT,1,0,0,City of Memphis,False,30.0,2
S AUBURNDALE ST,1,0,0,TDOT,False,30.0,2
MCREE ST,1,0,0,City of Memphis,False,30.0,2
N MONTGOMERY ST,1,0,0,City of Memphis,False,30.0,2
W MITCHELL RD,1,0,1,City of Memphis,False,35.0,2
N MORRISON ST,1,0,1,City of Memphis,False,30.0,2
JOUBERT AVE,1,0,1,City of Memphis,False,30.0,2
KETCHUM RD,1,0,0,City of Memphis,False,40.0,4
W CAROLINA AVE,1,0,0,City of Memphis,False,30.0,2
BELLE FOREST DR,1,0,1,City of Memphis,False,30.0,2
LINDEN AVE,1,0,0,TDOT,False,30.0,2
REST AREA,1,0,0,City of Memphis,False,25.0,1
S WALDRAN BLVD,1,0,0,City of Memphis,False,30.0,2
S SECOND ST,1,0,0,TDOT,False,35.0,3
RUSSWOOD RD,1,0,0,City of Memphis,False,30.0,2
FAIR MEADOW RD,1,0,0,City of Memphis,False,30.0,2
COMMONWEALTH DR,1,0,0,City of Memphis,False,30.0,2
CRAIGMONT DR,1,0,0,City of Memphis,False,35.0,2
EXCHANGE AVE,1,0,0,City of Memphis,False,30.0,2
ELMWOOD PARK ST,1,0,0,City of Memphis,False,,2
ORCHI RD,1,0,0,TDOT,False,30.0,2
YELLOW STONE DR,1,0,0,City of Memphis,False,30.0,2
CLUB PKWY,1,0,0,City of Memphis,False,30.0,2
QUINN AVE,1,0,0,City of Memphis,False,30.0,2
SAINT CHARLES DR,1,0,0,City of Memphis,False,30.0,2
S TUCKER ST,1,0,0,City of Memphis,False,35.0,2
DEERFIELD TRCE,1,0,0,City of Memphis,False,30.0,2
COURT AVE,1,0,0,TDOT,False,30.0,2
MCMILLAN ST,1,0,0,City of Memphis,False,30.0,2
FROSTY MEADOW DR,1,0,0,City of Memphis,False,30.0,2
MCGREGOR AVE,1,0,0,City of Memphis,False,30.0,2
S MCNEIL ST,1,0,1,TDOT,False,30.0,2
COLLINS ST,1,0,0,City of Memphis,False,35.0,2
BASKIN ST,1,0,1,City of Memphis,False,35.0,2
PEABODY AVE,1,0,0,City of Memphis,False,35.0,4
TALL OAKS CIR,1,0,1,City of Memphis,False,30.0,2
LAURELCREST DR,1,0,0,City of Memphis,False,30.0,2
STONEWALL ST,1,0,1,City of Memphis,False,30.0,2
CAPITAL AVE,1,0,0,City of Memphis,False,30.0,2
BRISTER ST,1,0,0,City of Memphis,False,30.0,2
SAXON AVE,1,0,0,City of Memphis,False,30.0,2
W DOVE CREEK CIR,1,0,0,City of Memphis,False,30.0,2
WILLIS ST,1,0,0,City of Memphis,False,30.0,2
RIVERSIDE BLVD,1,0,1,City of Memphis,False,35.0,2
W GEETER RD,1,0,1,City of Memphis,False,30.0,2
VIVIA AVE,1,0,0,City of Memphis,False,30.0,2
SANFORD RD,1,0,1,City of Memphis,False,30.0,2
KNEY ST,1,0,0,City of Memphis,False,30.0,2
LEAFY HOLLOW DR,1,0,0,City of Memphis,False,30.0,2
W BROOKS RD,1,0,1,City of Memphis,False,35.0,4
TWINMONT ST,1,0,0,City of Memphis,False,30.0,2
BARBWOOD DR,1,0,0,City of Memphis,False,30.0,2
BUNTYN ST,1,0,0,City of Memphis,False,30.0,2
HALE RD,1,0,0,City of Memphis,False,35.0,2
SANDERS AVE,1,0,0,City of Memphis,False,30.0,2
LILLIAN DR,1,0,0,City of Memphis,False,30.0,2
WEATHERS DR,1,0,0,City of Memphis,False,,2
PINEBROOK DR,1,0,1,City of Memphis,False,30.0,2
SHELLEY RENEE LN,1,0,0,City of Memphis,False,30.0,2
ESTATE DR,1,0,0,City of Memphis,False,30.0,5
SCHEIBLER RD,1,0,1,City of Memphis,False,35.0,2
RUFUS THOMAS BLVD,1,0,0,City of Memphis,False,30.0,2
SELECT AVE,1,0,0,City of Memphis,False,30.0,2
CHUCK AVE,1,0,0,City of Memphis,False,30.0,2
LAPALOMA ST,1,0,0,City of Memphis,False,30.0,2
MONTAGUE AVE,1,0,1,City of Memphis,False,30.0,2
CANE MEADOW CIR,1,0,0,City of Memphis,False,30.0,2
FLOWERS ST,1,0,0,City of Memphis,False,30.0,2
WARFORD ST,1,0,0,City of Memphis,False,45.0,5
MOUNT VERNON RD,1,0,1,City of Memphis,False,30.0,2
S TREZEVANT ST,1,0,0,TDOT,False,35.0,2
PATRICIA DR,1,0,1,City of Memphis,False,30.0,2
ROBBIEDON ST,1,0,0,TDOT,False,30.0,2
N US HIGHWAY 51,1,0,0,TDOT,False,55.0,2
GOLDBRIER LN,1,0,0,City of Memphis,False,30.0,2
ARBORWOOD DR,1,0,0,City of Memphis,False,30.0,2
HOMEWOOD DR,1,0,1,City of Memphis,False,30.0,2
W DISON AVE,1,0,0,City of Memphis,False,30.0,2
FRANCISCO BLVD,1,0,0,City of Memphis,False,30.0,2
RENO AVE,1,0,0,City of Memphis,False,30.0,2
KANSAS ST,1,0,0,City of Memphis,False,35.0,2
ASHWOOD ST,1,0,0,City of Memphis,False,30.0,2
E PARK LOOP,1,0,1,City of Memphis,False,30.0,2
VANDALIA ST,1,0,0,City of Memphis,False,30.0,2
ENTERPRISE AVE,1,0,1,TDOT,False,30.0,2
BROAD AVE,1,0,0,City of Memphis,False,40.0,2
MCADOO AVE,1,0,0,City of Memphis,False,30.0,2
HERMITAGE DR,1,0,0,City of Memphis,False,35.0,2
FOX RIDGE DR,1,0,0,City of Memphis,False,30.0,2
N COOPER ST,1,0,0,City of Memphis,False,35.0,4
HORN LAKE RD,1,0,0,City of Memphis,False,40.0,5
N DANNY THOMAS BLVD,1,0,0,TDOT,False,35.0,3
GILLHAM DR,1,0,0,City of Memphis,False,30.0,2
CORNING AVE,1,0,1,City of Memphis,False,35.0,2
LEWEIR ST,1,0,0,City of Memphis,False,30.0,2
BLANCHARD RD,1,0,0,City of Memphis,False,30.0,2
PRATT ST,1,0,0,City of Memphis,False,30.0,2
GRAND ST,1,0,0,City of Memphis,False,30.0,2
ROSS RD,1,0,1,City of Memphis,False,35.0,2
E DUNBAR RD,1,0,0,City of Memphis,False,30.0,2
RIDGEWAY BLVD,1,0,0,City of Memphis,False,40.0,4
MEADOW DR,1,0,0,City of Memphis,False,30.0,2
WEAKLEY AVE,1,0,0,City of Memphis,False,30.0,2
JORDAN DR,1,0,0,City of Memphis,False,35.0,2
BAYLISS AVE,1,0,0,City of Memphis,False,35.0,2
S COOPER ST,1,0,0,City of Memphis,False,30.0,2
RIVERSIDE DR,1,0,0,City of Memphis,False,40.0,2
ORIOLE ST,1,0,0,City of Memphis,False,30.0,2
INNOVATION DR,1,0,1,City of Memphis,False,30.0,2
DAVID ST,1,0,0,City of Memphis,False,35.0,2
ASH ST,1,0,0,City of Memphis,False,25.0,2
MONTAGUE CV,1,0,0,City of Memphis,False,25.0,2
S FOURTH ST,1,0,0,TDOT,False,30.0,3
LOWELL AVE,1,0,1,City of Memphis,False,30.0,2
GREENWOOD ST,1,0,0,City of Memphis,False,30.0,2
SHARPE AVE,1,0,0,City of Memphis,False,35.0,2
ESTES ST,1,0,0,City of Memphis,False,30.0,2
STONEHAM RD,1,0,0,City of Memphis,False,30.0,2
S GOODLETT RD,1,0,0,City of Memphis,False,30.0,2
KINGS TRAIL CV,1,0,0,City of Memphis,False,25.0,2
LANDIS ST,1,0,0,City of Memphis,False,30.0,2
KINARD CV,1,0,0,City of Memphis,False,25.0,2
W MALLORY AVE,1,0,0,City of Memphis,False,40.0,3
CRESTHAVEN RD,1,0,0,City of Memphis,False,30.0,2
RAINTREE DR,1,0,0,City of Memphis,False,30.0,2
WALES AVE,1,0,0,City of Memphis,False,35.0,2
KELTNER CIR,1,0,0,City of Memphis,False,30.0,2
